Unnamed: 0,ID,type,statement,question_1,question_2,option_1,option_2,option_3,question_3,constractive_statement,question_4,constructive_question
0,0,Camera Perspective,top view of corn,Is this a close-up view of corn in the picture?, What's the camera perspective of this corn?, top view, close-up view, side view, Please describe the camera perspective of this corn in detail.,This is a top view of corn in the picture.,Is this a close-up view of wheat in the picture?,Is this a top view of corn?
1,1,Camera Perspective,side view of the duck,Is the duck shown in a front view in this picture?, What's the camera perspective of this duck?, side view, front view, bottom view, Please describe the camera perspective of this duck in detail.,The duck is shown in a front view in this picture.,Is the duck shown in a top view in this picture?,Is this a side view of the duck?
2,2,Camera Perspective,front view of the duck,Is the duck viewed from the side in this picture?, What's the camera perspective of this duck?, front view, bottom view, side view, Please describe the camera perspective of this duck in detail.,The duck is viewed from the side in this picture.,Is the duck viewed from above in this picture?,Is this a front view of the duck?
3,3,Camera Perspective,words shown directly to the camera,Are the words shown at an angle to the camera in this picture?, What's the camera perspective of the words?, words shown directly to the camera, words shown at an angle to the camera, the is no visible words, Please describe the camera perspective of the words on the school buses,The words shown are at an angle to the camera in this picture.,Are the numbers shown at an angle to the camera in this picture?,Is this a picture of words shown directly to the camera?
4,4,Camera Perspective,words shown at an angle to the camera,Are the words shown directly to the camera in this picture?, What's the camera perspective of the words?, words shown at an angle to the camera, words shown directly to the camera, the is no visible words, Please describe the camera perspective of the words on the school buses,The words are shown directly to the camera in this picture.,Is the text facing directly away from the camera in this picture?,Is this a picture of words shown at an angle to the camera?
5,5,Camera Perspective,wine glass from bottom-up view,Is the wine glass shown from a top-down view in this picture?, What's the camera perspective of this wine glass?, bottom-up view, top-down view, side_view, Tell me about how is the glass shown from a camera view.,The wine glass is shown from a top-down view in this picture.,Is the coffee mug shown from a top-down view in this picture?,Is this a bottom-up view of a wine glass?
6,6,Camera Perspective,wine glass from top-down view,Is this a picture of a wine glass from a bottom-up view?, What's the camera perspective of this wine glass?, top-down view, bottom-up view, front view, Please describe the camera perspective of glass in this image,This is a picture of a wine glass from a bottom-up view.,Is this a picture of a coffee mug from a bottom-up view?,Is this a top-down view of a wine glass?
7,7,Camera Perspective,back view of a person,Is this picture showing a side view of a person?, What's the camera perspective of this person?, back view, side view, top view, Please tell describe the camera perspective of the person in detail,This picture shows a side view of a person.,Is this picture showing a front view of a car?,Is this a back view of a person?
8,8,Camera Perspective,top view of an apple,Is the apple viewed at eye level in this picture?, What's the camera perspective of this apple?, top view, eye level view, bottom-up view, Please describe the camera perspective of this apple in detail,The apple is viewed at eye level in this picture.,Is the apple viewed from below in this picture?,Is this a top view of an apple?
9,9,Color,butterfly on the purple flower,Is there a butterfly on the pink flower in this picture?, What color flower is the butterfly sitting on in the picture?, purple, pink, blue, Please describe the color of the flower that the butterfly is on in this image. ,There is a butterfly on the pink flower in this picture.,Is there a butterfly on the yellow flower in this picture?,Is this a butterfly on the purple flower?
10,10,Color,butterfly on the pink flower,Is there a butterfly on the purple flower in this picture?, What color flower is the butterfly sitting on in the picture?, pink, purple, blue, Please describe the color of the flower that the butterfly is on in this image.,There is a butterfly on the purple flower in this picture.,Is there a butterfly on the blue flower in this picture?,Is this a butterfly on the pink flower?
11,11,Color,dark blue sky,Is the sky light blue in this picture?, What kind of blue is the sky in the picture (dark light or etc.)?, dark blue, light blue, not blue but gray, Please describe the color of the sky in detailed in this image.,The sky is light blue in this picture.,Is the grass yellow in this picture?,Is this a picture of a dark blue sky?
12,12,Color,different colors of grapes,Is there only one color of grape in this picture?, What colors of grapes are there in the picture?, green red (purple) and black, only green, only black, Please describe the colors of the grapes in this image.,There is only one color of grape in this picture.,Is there only one color of apple in this picture?,Is this a picture of different colors of grapes?
13,13,Spatial,male on the left of female ,Is the female on the left of the male in this picture?, Where is the man in the picture relative to the woman?, male on the left of the female, female on the left of the male, male on the top of the female, Please describe the relative positions of the male and the female in the image.,The female is on the left of the male in this picture.,Is the female above the male in this picture?,Is this a picture of a male on the left of a female?
14,14,Spatial,moon on top of the castle,Is the moon on the upper left of the castle in this picture?, Where is the moon in the picture relative to the castle?, moon on top of the castle, moon on the upper left of the castle, there is no moon visible in the picture, Please describe the relative positions of the moons and the castle in the image.,The moon is on the upper left of the castle in this picture.,Is the sun on the upper left of the castle in this picture?,Is this a picture of the moon on top of the castle?
15,15,Spatial,moon on the upper left of the castle,Is the moon on top of the castle in this picture?, Where is the moon in the picture relative to the castle?, moon on the upper left of the castle, moon on top of the castle, there is no moon visible in the picture, Please describe the relative positions of the moons and the castle in the image.,The moon is on top of the castle in this picture.,Is the sun on top of the castle in this picture?,Is the moon on the upper left of the castle?
16,16,Spatial,kiwi on upper part of the image,Is the kiwi on the lower part of the image?, Which part in of the picture is the kiwi located?, kiwi on upper part of the image, kiwi on lower part of the image, kiwi on the middle of the image, Please describe where the kiwi is located in the image (e.g. top left or bottom right or etc.),The kiwi is on the lower part of the image.,Is the orange on the left side of the image?,Is the kiwi located on the upper part of the image?
17,17,Spatial,kiwi on lower part of the image,Is the kiwi on the upper part of the image?, Which part in of the picture is the kiwi located?, kiwi on lower part of the image, kiwi on upper part of the image, kiwi on the middle of the image, Please describe where the kiwi is located in the image (e.g. top left or bottom right or etc.),The kiwi is on the upper part of the image.,Is the orange on the left side of the image?,Is the kiwi located on the lower part of the image?
18,18,Spatial,a house on the left of the tree,Is there a house between two trees in this picture?, Where is the house in the picture relative to the tree(s)?, house on the left of the tree, house between two trees, house on the right of the tree, Please describe the relative positions of the house and the trees in the image.,There is a house between two trees in this picture.,Is there a lake between two trees in this picture?,Is there a house on the left of the tree?
19,19,Spatial,light directly above the bed,Is the light adjacently above the bed in this picture?, Where is the light in the picture relative to the bed?, light directly above the bed, light adjacently above the bed, there is no light visible in this image, Please describe the relative positions of the lights and the beds in the image.,The light is adjacently above the bed in this picture.,Is the light adjacently above the chair in this picture?,Is there a light directly above the bed?
20,20,Spatial,butterfly under the flower,Is there a butterfly on top of the flower in this picture?, Where is the butterfly in the picture relative to the flower?, butterfly under the flower, butterfly on top of the flower, there is no butterfly visible in this image, Please describe the relative positions of the butterfly and the flowers in the image.,There is a butterfly on top of the flower in this picture.,Is there a butterfly on top of the tree in this picture?,Is this a picture of a butterfly under the flower?
21,21,Spatial,Christmas tree in front of a window,Is there a Christmas tree between two windows in this picture?, Where is the Christmas tree in the picture relative to the window(s)?, Christmas tree in front of a window, Christmas tree between two windows, Christmas tree outside the window, Please describe in detail the relative locations of the windows and the Christmas tree in this image.,There is a Christmas tree between two windows in this picture.,Is there a Christmas tree between two doors in this picture?,Is this a picture of a Christmas tree in front of a window?
22,22,Spatial,Christmas tree between two windows,Is there a Christmas tree in front of a window in this picture?, Where is the Christmas tree in the picture relative to the window(s)?, Christmas tree between two windows, Christmas tree in front of a window, Christmas tree outside the window, Please describe in detail the relative locations of the windows and the Christmas tree in this image.,There is a Christmas tree in front of a window in this picture.,Is there a Christmas tree in front of a door in this picture?,Is this a Christmas tree between two windows?
23,23,Spatial,juice and carrots on different levels of the surface,Are the juice and carrots on the same level of the surface in this picture?, What's the level of surface are the juice and carrots placed in this picture?, juice and carrots on different levels of the surface, juice and carrots on the same level of a surface, ther is no carrot visible in this image, Please describe the surfaces that juice and carrots are placed in this image.,The juice and carrots are on the same level of the surface in this picture.,Are the juice and apples on the same level of the surface in this picture?,Is this a picture of juice and carrots on different levels of the surface?
24,24,Spatial,eggs in the bottom right corner,Are the eggs in the bottom left corner of this picture?, Which part in of the picture are the eggs located (bottom? top? and etc.?), in the bottom right corner, in the bottom left corner, in the top left corner, Please describe the image and tell me Which part in of the picture are the eggs located (bottom left? top right? and etc.?),The eggs are in the bottom left corner of this picture.,Are the eggs in the top left corner of this picture?,Is this a picture of eggs in the bottom right corner?
25,25,State,butterfly with wings closed,Are the butterfly's wings open in this picture?, What is the state of the butterfly's wings in this image?, wings closed, wings open, there is no visible wings of this butterfly in this picture, Please describe the state of the wings of the butterfly (closed or open.),The butterfly's wings are open in this picture.,Are the butterfly's wings blue in this picture?,Is this a picture of a butterfly with its wings closed?
26,26,State,door on the truck open,Is the door on the truck closed in this picture?, What is the state of the truck's doors in this image?, door on the truck open, door on the truck closed, there is no visible doors of turck in this image, Please describe the state of truck's doors in detail (open or closed),The door on the truck is closed in this picture.,Is the window on the truck closed in this picture?,Is the door on the truck open?
27,27,State,door on the truck closed,Is the door on the truck open in this picture?, What is the state of the truck's doors in this image?, door on the truck closed, door on the truck open, there is no visible doors of turck in this image, Please describe the state of truck's doors in detail (open or closed),The door on the truck is open in this picture.,Is the window on the truck open in this picture?,Is the door on the truck closed?
28,28,State,woman about to set the volleyball,Is the woman about to bump the volleyball in this picture?, What is the woman's move in this image?, woman about to set the volleyball, woman about to bump the volleyball, woman about to knick the volleyball, Please describe the woman's move in detail and tell me is she about to set the ball or bump the ball.,The woman is about to bump the volleyball in this picture.,Is the woman about to kick the volleyball in this picture?,Is this a woman about to set the volleyball?
29,29,Structural Character,people shaped gingerbread,Is the gingerbread shaped like a Christmas tree in this picture?, What's the shape of the gingerbread in this image?, human-shaped gingerbread, christmas tree-shaped gingerbread, penguin-shaped gingerbread, Please describe the shapes of the gingerbread in this image in detail.,The gingerbread is shaped like a Christmas tree in this picture.,Is the gingerbread shaped like a snowman in this picture?,Is this a picture of gingerbread shaped like people?
30,30,Structural Character,glasses of juice,Are there jars of juice in this picture?, What kind of container is the juice in?, glasses, jars, bags, Please describe the containers of the drinks in detail.,There are jars of juice in this picture.,Are there bottles of water in this picture?,Is this a picture of glasses of juice?
31,31,Structural Character,jars of juice,Are there glasses of juice in this picture?, What kind of container is the juice in?, jars, glasses, bags, Please describe the containers of the drinks in detail.,There are glasses of juice in this picture.,Are there cups of coffee in this picture?,Is this a picture of jars of juice?
32,32,Structural Character,easter egg with flat pattern,Is there an Easter egg with a raised pattern in this picture?, What's the pattern of the Easter egg in this image?, flat pattern, raised pattern, fish-like pattern, Please describe the pattern of the Easter eggs and tell me whether they have flat pattern or raised pattern.,There is an Easter egg with a raised pattern in this picture.,Is there a Christmas ornament with a raised pattern in this picture?,Is this an Easter egg with a flat pattern?
33,33,Structural Character,a cake with a slice missing,Is this a slice of cake in this picture?, What's the shape and condition of the cake in this image?, a cake with a slice missing, a slice of cake, there is no visible cake in this image, Please describe the cake's shape and condition in detail.,This is a picture of a slice of cake.,Is this a whole pie in this picture?,Is this a picture of a cake with a slice missing?
34,34,Structural Character,a butterfly with wings closed,Is the butterfly with its wings open in this picture?, What is the state of the butterfly's wings in this image?, wings closed, wings open, wings flapping, Please describe the state of the wings of the butterfly (closed or open.),The butterfly has its wings open in this picture.,Is the butterfly flying in this picture?,Is this a picture of a butterfly with its wings closed?
35,35,Structural Character,egg with bunny painted,Is there an egg with dots painted on it in this picture?,  What's the pattern of the Easter egg in this image?, bunny painted, dots painted, penguin painted, Please describe the patterns of the Easter eggs in this image in detail.,There is an egg with dots painted on it in this picture.,Is there an egg with stripes painted on it in this picture?,Is this an egg with a bunny painted on it?
36,36,Structural Character,elephant with relatively straight but slightly curve trunks,Is the elephant with very curved trunk in this picture?,  What's the shape of the elephant's trunk in this image?, relatively straight but little curved, very curved trunk, no trunk, Please describe the elepant's trunk in this image in detail.,The elephant with a very curved trunk is in this picture.,Is the giraffe with a curved neck in this picture?,Is this a picture of an elephant with relatively straight but little curved trunks?
37,37,Structural Character,dense webs,Are there sparse webs in this picture?,  How dense is the spider web in this image?, dense, sparse, there is no visible webs in this image, Please describe the spider web in the image in detail and tell about it density.,There are sparse webs in this picture.,Are there sparse leaves in this picture?,Is this a picture of dense webs?
38,38,Structural Character,center of the flower protruding,Is the center of the flower indenting in this picture?, What's the shape of the flower's center(protruding? indenting? and etc.), center of the flower protruding, center of the flower indenting, center of the flower is flat, Please describe the concave and convex condition of the center of the flower (is protruding or indenting?),The center of the flower is indenting in this picture.,Is the center of the sunflower indenting in this picture?,Is the center of the flower protruding?
39,39,Structural Character,center of the flower indenting,Is the center of the flower protruding in this picture?, What's the shape of the flower's center(protruding? indenting? and etc.), center of the flower indenting, center of the flower protruding, center of the flower is flat, Please describe the concave and convex condition of the center of the flower (is protruding or indenting?),The center of the flower is protruding in this picture.,Is the center of the flower flat in this picture?,Is this the center of the flower indenting?
40,40,Structural Character,a jar of drink,Is there a glass of drink in this picture?, What kind of container is the drink in?, jar, glassses, bag, Please describe the containers of the drinks in detail.,There is a glass of drink in this picture.,Is there a plate of food in this picture?,Is this a jar of drink?
41,41,Text,"A poster says ""APPY EASTE""","Does the poster say ""Happy Easter"" in the picture?", What text is in the picture?," poster says """"APPY EASTE"""""," poster say ""Happy Easter"""," poster say ""Happy Birthday""", Please describe the words shown in this image.,"The poster says ""Happy Easter"" in the picture.",Is the poster advertising a Christmas sale in the picture?,"Is this a poster that says ""APPY EASTE""?"
42,42,Text,"letter ""N"" in the bottom left","Is the letter ""M"" in the bottom left of this picture?", Where is the text 'N' located in the picture?," letter ""N"" in the bottom left"," letter ""N"" in the bottom right"," there is no visible letter ""M"" in this image"," Please describe where is the button N"" in this image(if it is visible in this image)""","The letter ""M"" is in the bottom left of this picture.","Is the letter ""Z"" in the bottom left of this picture?","Is the letter ""N"" in the bottom left?"
43,43,Text,"letter ""M"" in the bottom left","Is the letter ""N"" in the bottom left of this picture?", Where is the text 'M' located in the picture?," letter ""M"" in the bottom left","there is no visible letter ""M"," letter ""N"" in the bottom left"," Please describe where is the button M"" in this image(if it is visible in this image)""","The letter ""N"" is in the bottom left of this picture.","Is the letter ""Z"" in the bottom left of this picture?","Is the letter ""M"" in the bottom left?"
44,44,Text,"center says ""OK/SELECT""","Does the center say ""OK"" in this picture?", What text is in the center button in this picture?," center button says ""OK/SELECT"""," center says ""OK"""," center says ""SELECT""", Please describe the words on the center button of this remote control.,"The center says ""OK"" in this picture.","Is the center labeled ""CANCEL"" in this picture?","Is the center button labeled ""OK/SELECT""?"
45,45,Text,"center says ""OK""","Does the center say ""OK/SELECT"" in this picture?", What text is in the center button in this picture?," center says ""OK"""," center button says ""OK/SELECT"""," center says ""SELECT""", Please describe the words on the center button of this remote control.,"The center says ""OK/SELECT"" in this picture.","Is the center labeled ""CANCEL"" in this picture?","Is the center saying ""OK""?"
46,46,Text,"letters above the space are ""VBN""","Are the letters XCVBN"" above the space in this picture?""", What is the text above the space button in this picture?," letters above the space are ""VBN"""," letters above the space are ""XCVBN"""," letters above the space are ""BTD"""," Please describe the visible buttons above the ""space"" in this image.","The letters above the space ""XCVBN"" are in this picture.","Is the number above the space ""12345"" in this picture?","Is this a picture showing the letters ""VBN"" above the space?"
47,47,number,"clock with 3 pointers""""""", Is this a clock with two pointers?, How many pointers are there in the clock?,3,2,1, Please describe the number of pointers of this clock in detail.,This is a clock with two pointers.,Is this a clock with one pointer?,Is this a clock with 3 pointers?
48,48,color, syringe filled with turbid white liquid, Is this a syringe filled with blue liquit?, What color is the liquid in the syringe?,turbid (white), blue, red, Please describe the color of the liquid in the syring in detail.,This is a syringe filled with blue liquid.,Is this a syringe filled with clear water?,Is this a syringe filled with a turbid white liquid?
49,49,Spatial, a snake lying on the hand, Is the samll snake wrapped around a finger?, How many fingers does this small snake wrapped around in this image?,0,1,2, Please describe the way that the small snake held on the hand.,The small snake is wrapped around a finger.,Is the small snake wrapped around a wrist?,Is this a picture of a snake lying on a hand?
50,50,State, the door at the back of the ambulance is open, Are the doors at the back of the ambulance closed?, What is the state of doors at the back of the ambulance?, open, close, we don't know, Please describe the stete of the ambulance's rear door.,The doors at the back of the ambulance are closed.,Are the doors at the back of the bus closed?,Is the door at the back of the ambulance open?
51,51,Structural Character, the onld-fashioned camera with 2 lens rings, Is this a old-fashioned camera with only one lens ring?, How many lens rings does this camera have? ,2,1,0, Please describe the number of lens rings of the camera in this image in detail.,This is an old-fashioned camera with only one lens ring.,Is this a modern camera with a touchscreen display?,Is this an old-fashioned camera with 2 lens rings?
52,52,Structural Character, the motocycle racer wearing a sleeveless racing suit, Is this motorcycle racer wearing a long-sleeved motorcycle racing suit?, What is the motorcycle rider wearing on their upper body?, sleeveless motorcycle racing suit, long-sleeved motorcycle racing suit, nothing he is naked, Please describe this motocycle racer's wearing on his upper body.,This motorcycle racer is wearing a long-sleeved motorcycle racing suit.,Is this motorcycle racer wearing a red helmet and shorts?,Is the motorcycle racer wearing a sleeveless racing suit?
53,53,Structural Character, 2 watches, Is this one watch with dual dials?, How many watches are there in the image? ,2,1,3, Please describe the watch(es) there in detail.,This is a watch with dual dials.,Is this one watch with a single dial?,Is this a picture of 2 watches?
54,54,Structural Character, a tank with no barrel parked indoors, Is this a photo of a tank with a long barrel parked indoors?, What type of gun barrel does this tank have?, No vidible gun barrel, Long gun barrel, Short gun barrel, Please describe the tank's barrel in detail.,This is a photo of a tank with a long barrel parked indoors.,Is this a photo of a bicycle parked outdoors?,Is this a tank with no barrel parked indoors?
55,55, State, a clean baseball on the ground, Is this a photo of a muddy baseball on the ground?, What is the condition of this baseball?, Clean, Muddy, This is not a baseball, Please describe the cleaness of this baseball.,This is a photo of a muddy baseball on the ground.,Is this a photo of a muddy soccer ball on the ground?,Is this a clean baseball on the ground?
56,56, State, a gun without a bayonet, Is this a photo of a man in military uniform holding a gun with a bayonet?, What is held by this man in the military uniform?, A gun without bayonet, A gun with bayonet, A bayonet, Please describe the gun and bayonet (if there is) held by the man in detail .,This is a photo of a man in military uniform holding a gun with a bayonet.,Is this a photo of a man in civilian clothes holding a sword?,Is this a gun without a bayonet?
57,57, Structural Character, an animal with curved tail standing on the grassland, Is this a photo of an animal with straight tail standing on the grassland?, What shape is the tail of this animal standing on the grassland?, Curved, Straight, It doesn't have a tail, Please describe the shape of the animal's tail in detail and tell me whether it is curved or straight.,This is a photo of an animal with a straight tail standing on the grassland.,Is this a photo of an animal with straight tail swimming in the ocean?,Is this an animal with a curved tail standing on the grassland?
58,58, Spatial, A dog lying on a carpet with a paerson, Is this a photo of a dog lying in bed with a person?, What is the dog with the person lying on?, Carpet, Bed, Sofa, Please describe the image and tell me where the dog is lying?,This is a photo of a dog lying in bed with a person.,Is this a photo of a cat sitting on a sofa alone?,Is this a picture of a dog lying on a carpet with a person?
59,59, number, 2 monkey on a tree branch, Is this a picture of a monkey on a tree branch?, How many monkeys on this tree branch in the image?,2,1,3, Please describe the monkeys in the image and tell me now many monkeys are there on the branch.,This is a picture of a monkey on a tree branch.,Is this a picture of a bird on a tree branch?,Is this a picture of 2 monkeys on a tree branch?
60,60, Camera Perspective, a photo of the front of a photocopier with an angle, Is this a photo of the front of a photocopier upright?, What's the camera perspective of this photocopier?, Shows front of a photocopier from an angle, Shows front of a photocopier upright, Shows back of a photocopier from an angle, Please describe the camera perspective of the photocopier (from an angle? upright? and etc.).,This is a photo of the front of a photocopier upright.,Is this a photo of the back of a refrigerator upright?,Is this a photo of the front of a photocopier taken at an angle?
61,61, State, sea turtle swimming with its front flippers pointing downwards,Is this a photo of a sea turtle swimming with its flippers raised?,What is the front flippers of the turtle doing in the photo?, Pointing downwards, Raised up, Tucked into its shell, Please describe the turtle's flippers in detail and tell me where its front flippers are pointing.,This is a photo of a sea turtle swimming with its flippers raised.,Is this a photo of a dolphin jumping out of the water?,Is this a sea turtle swimming with its front flippers pointing downwards?
62,62, number, 2 bunches of bananas, Is this a picture of a bunch of bananas?, How many buches of bananas are there in the image?,2,1,3, Please describe the image in detail and tell me how many buches of bananas are there.,This is a picture of a bunch of bananas.,Is this a picture of a single apple?,Is this a picture of 2 bunches of bananas?
63,63, Camera Perspective, Old photo with a vertical composition, Is this an old photo with a horizontal composition?, What is the composition of this old photo?, Vertical, Horizontal, Close-up shot, Please describe the composition of the picture and tell me if it is vertical composition or horizontal composition or etc.,This is an old photo with a horizontal composition.,Is this a new photo with a horizontal composition?,Is this an old photo with a vertical composition?
64,64, Color, a dog with blue eyes, Is this a picture of a dog with red eyes?, What color is the eyes of this dog in this picture?, Blue, Red, Dark-brown, Please describe the color of the dog's eyes.,This is a picture of a dog with red eyes.,Is this a picture of a cat with red eyes?,Is this a dog with blue eyes?
65,65, Color, gymnast wearing a white and red uniform, Is this a picture of a gymnast wearing a white and blue gymastics uniform?, What color is the uniform that this gumnast is wearing?, White and red, White and blue, White and black, Please describe the uniform that the gumnast is wearing in detail.,This is a picture of a gymnast wearing a white and blue gymnastics uniform.,Is this a picture of a gymnast wearing a green and yellow gymnastics uniform?,Is this a gymnast wearing a white and red uniform?
66,66, Spatial, the dog standing on the water, Is this dog standing on the sands?, Where is this dog standing on?, Water, Sands, We don't know, Please describe where the dog is standing.,This dog is standing on the sands.,Is this dog standing on the grass?,Is this a picture of the dog standing on the water?
67,67, Structural Character, a cat not wearing a collar, Is this a picture of a cat wearing a collar?, What is the cat wearing?, Nothing, A collar, a cap, Please describe the cat's fur and wearing.,This is a picture of a cat wearing a collar.,Is this a picture of a dog wearing a hat?,Is this a cat not wearing a collar?
68,68, number, Five cheetahs in the picture, Is this a photo of four cheetahs?, How many cheetahs are there in the image?, Five, Four, one, Please describe the cheetahs you can see in this image.,This is a photo of four cheetahs.,Is this a photo of three lions?,Is this a picture of five cheetahs?
69,69, State, eagle with eyes closed, Is the eagle's eyes open?, What the state of the eagle's eyes?, Closed, Open, This eagle has no eyes, Please describe the state of the eyes of the eagle in this image in detail.,The eagle's eyes are open.,Is the eagle's beak open?,Is this a picture of an eagle with its eyes closed?
70,70, Structural Character, three dogs with no collar, Is this a picture of three dogs with collars sitting on the lawn?, How many of these dogs wearing collars?,0,3,1, Please describe the three dogs' collars if they are wearing collars,This is a picture of three dogs with collars sitting on the lawn.,Is this a picture of three cats with collars sitting on the lawn?,Is this a picture of three dogs without collars?
71,71, Structural Character, elephant with broken tusks, Is the picture an elephant with complete tusks?, What is the condition of this elephant's tusks?, Broken, Complete, 1 Broken and 1 complete, Please descibe this elepant's tusks in detail.,The picture is of an elephant with complete tusks.,Is the picture a giraffe with complete tusks?,Is this a picture of an elephant with broken tusks?
72,72, State, butterfly with wings closed, Are the butterfly's wings opened in the picture?, What is the state of the butterfly's wings in this image?, wings closed, wings open, there is no visible wings of this butterfly in this picture, Please describe the state of the wings of butterfly (closed or open.),The butterfly's wings are opened in the picture.,Are the bird's wings opened in the picture?,Is this a picture of a butterfly with its wings closed?
73,73, Orientation, turtle's head face the right, Is the turtle's head facing left in this picture?, Which direction does the turtle's head face in the picture?, Right, Left, Back, Please describe the direction that turtle's head is is facing.,The turtle's head is facing left in this picture.,Is the turtle's head facing up in this picture?,Is the turtle's head facing to the right?
74,74, Exist, No small fish under the shark, Is there a small fish under the shark?, How many small fish are there under the shark in the image?, No visible small fish, one, two, Please describe the area under the shark.,There is a small fish under the shark.,Is there a small bird under the shark?,Is there a small fish under the shark?
75,75, Exist, No piano bench in front of the piano, Is there a piano bench in front of the piano?, How many piano benches are there in front of the piano?, No visible piano bench,1,2, Please describe the area in front of the piano.,There is a piano bench in front of the piano.,Is there a guitar in front of the piano?,Is there no piano bench in front of the piano?
76,76, Color, a dog with blue eyes, Is this a picture of a dog with red eyes?, What color is the eyes of this dog in this picture?, Blue, Red, Dark-brown, Please describe the color of the dog's eyes.,This is a picture of a dog with red eyes.,Is this a picture of a cat with red eyes?,Is this a dog with blue eyes?
77,77, Exist, No baseball in the image, Is there a baseball in the image?, How many baseball are there in the image?, There is no visible baseball,1,2, Please describe and tell me if there is a visible baseball in this image?,There is a baseball in the image.,Is there a basketball in the image?,Is there no baseball in the image?
78,78, Orientation, Bird facing left, Is this bird facing right?, Which direction does the bird's head face in the picture?,Left, Right, Back, Please describe the direction the bird is facing in this image.,This bird is facing right.,Is this bird facing upwards?,Is this a picture of a bird facing left?
79,79, color, dog with a blue and yellow dog tag, Is this a dog with a red dog tag?, What's the color of is the dog tag?, Yellow and blue, Red, Red and blue, Please descibe the dog's dog tag in detail.,This is a dog with a red dog tag.,Is this a cat with a red dog tag?,Is this a dog with a blue and yellow dog tag?
80,80, color, train with red light, Is this a train with yellow light?, What's the color of the train's light?, Red, Yellow, Green, Please describe the light of this train.,This is a train with yellow light.,Is this a train with blue light?,Is this a picture of a train with a red light?
81,81, Orientation, Insect facing right, Is this insect facing left?, Which direction does the insect's head face in the picture?, Right, Left, Back, Please describe the direction of the insect in this image.,This insect is facing left.,Is this insect facing up?,Is this a picture of an insect facing right?
82,82, State, Squirrel with its arm crossed, Is this a squirrel with its arms spread out?, What are the squirrel's arms like in this image?, Crossed, Spread out, Reaching out, Please describe the movement of this squirrel's forelimbs,This is a squirrel with its arms spread out.,Is this a squirrel with its tail spread out?,Is this a picture of a squirrel with its arms crossed?
83,83, color, Man wearing a black cap, Is this man wearing a beige cap?, What color is the cap that the man is wearing?, Black, Beige, White,  Please describe the cap that the man is wearing.,This man is wearing a beige cap.,Is this man wearing a red hat?,Is this a man wearing a black cap?
84,84, Orientation, dog facing left, Is the dog facing right?, Which direction does this dog face in this image?, Left, Right, Back, Please describe the direction the dog's face is facing.,The dog is facing right.,Is the cat facing right?,Is this a picture of a dog facing left?
85,85, Exist, No tennis ball in the image, Is there a tennis ball in this image?, How many tennis balls are there in the image?, There is no visible tennis ball,1,2, Please describe where is the tennis ball in this image.,There is a tennis ball in this image.,Is there a basketball in this image?,Is there a tennis ball in the image?
86,86, Spatial, The minute hand point between 2 and 3, Is the minute hand directly pointing directly at 2?, Where is the minute hand point at?, between 2 and 3, directly point at 2, between 1 and 2, Please describe the minute hand of the clock in detail.,The minute hand is directly pointing at 2.,Is the hour hand directly pointing at 2?,Is the minute hand pointing between 2 and 3?
87,87, state, a gun without a bayonet, Is this a photo of a man in military uniform holding a gun with a bayonet?, What is held by this man in the military uniform?, A gun without bayonet, A gun with bayonet, A bayonet, Please describe the gun and bayonet (if there is) held by the man in detail ,This is a photo of a man in military uniform holding a gun with a bayonet.,Is this a photo of a man in civilian clothes holding a sword?,Is this a gun without a bayonet?
88,88, Structural Character,center of the flower indenting,Is the center of the flower protruding in this picture?, What's the shape of the flower's center(protruding? indenting? and etc.), center of the flower indenting, center of the flower protruding, center of the flower is flat, Please describe the concave and convex condition of the center of the flower (is protruding or indenting?),The center of the flower is protruding in this picture.,Is the center of the sunflower protruding in this picture?,Is this the center of the flower indenting?
89,89, color, dog with green (or cyan) eyes, Is this a picture of a dog with blue eyes?, What color is the eyes of this dog in this picture?, green or cyan, blue, red, Please describe the color of the dog's eyes.,This is a picture of a dog with blue eyes.,Is this a picture of a cat with blue eyes?,Is this a dog with green (or cyan) eyes?
90,90, Orientation, Elephant facing right, Is this elephant facing left?, Which direction does the elephant's head face in the picture?, Right, Left, Back, Please describe the direction of the elephant in this image(is it facing right? left? forward?).,This elephant is facing left.,Is this elephant facing forward?,Is this a picture of an elephant facing right?
91,91, Structural Character, Snake lying on fingers, Is this a little snake lying on the palm of a hand?, Where is the little snake lying on?, Fingers, Palm of the hand, Wrist, Please describe where the snake is lying on.,This is a picture of a little snake lying on the palm of a hand.,Is this a little worm lying on the palm of a hand?,Is this a picture of a snake lying on fingers?
92,92, Structural Character, Snake lying on palms, Is the little snake lying on the fingers?, Where is the little snake lying on?, Palm of the hand, Fingers, Wrist, Please describe where the snake is lying on.,The little snake is lying on the fingers.,Is the little bird sitting on the fingers?,Is this a picture of a snake lying on palms?
93,93, Camera Perspective, Zebra facing right, Is the zebra facing left?, Which direction is the zebra facing at?, Right, Left, Back, Please describe which direction is the zebra facing in this picture.,The zebra is facing left.,Is the zebra facing forward?,Is this a picture of a zebra facing right?
94,94, State, Dog's mouth not visiable, Is the dog's mouth open?, What is the state of the dog's mouth?, Not fully visiable, Closed, Open, Please describe the dog's mouth in detail.,The dog's mouth is open.,Is the dog's tail wagging?,Is the dog's mouth not visible in this picture?
95,95, Orientation, The fish facing left, Is the fish facing left?, What is the direction of the fish facing at?, Left, Right, Front, Please describe which direction is the fish facing in this picture.,The fish is facing left.,Is the fish facing right?,Is the fish facing left?
96,96, State, The eagle with wings partially open, Is the eagle with wings closed?, What's the state of eagle's wings?, Partially open, Closed, Wide open, Please describe the state of the eagle's wings.,The eagle is with wings closed.,Is the butterfly with wings closed?,Is this a picture of an eagle with its wings partially open?
97,97, State, Yellow fish with full black coloration on its back, Is this a yellow fish with black spot on it body?, What's the pattern of the yellow fish's body?, fully covered black, black spots, black strip pattern, Please describe the fish's color in detail.,This is a yellow fish with a black spot on its body.,Is this a yellow fish with stripes on its body?,Is this a yellow fish with full black coloration on its back?
98,98, Structural Character, Koala climbing on the pole, Is this a koala climbing on eucalyptus tree?, Where is the koala climbing on?, A enculyptus tree, A Pole, A man, Please describe where is the koala and what it is doing.,This is a koala climbing on a eucalyptus tree.,Is this a panda climbing on a bamboo tree?,Is this a picture of a koala climbing on the pole?
99,99, Structural Character, Elpant's tusk has an inward convergence trend,Is this elephant's tusks are overall outward divergence?, What's the elephant's tusks shape?, overall inward convergence trend in their shape, overall divergence trend in their shape, broken straight shape, Please describe the shape of the elepant's tusks in detail.,The elephant's tusks diverge outward overall.,Is this elephant's tail pointed upwards?,Is this an elephant's tusk showing an inward convergence trend?
100,100, number, 5 or 4 visible strings, Are there 6 visible strings in this image?, How many visible strings are there in the image?, 5 or 4,6,3, Please describe how many strings of the guitar can be truly visible in this picture.,There are 6 visible strings in this image.,Is there a piano in this image?,Is this a picture of 4 or 5 visible strings?
101,101,Structural Character,a turtle with its forelimbs extended sideways,Is this a turtle with its forelimbs stretched forward,Which direction the turtle's forelimbs is pointing at?,sideways,forward,back,Please describe the direction of the turtle's forelimbs,a turtle with its forelimbs stretched forward,Is there a turtle with 5 legs?,Is this a turtle with its forelimbs extended sideways?
102,102,Orientatioin,picture take from the left side window of an air plane,Is the picture take from the right side window of an airplane?,Which side of the window in the airplane is the picture taken from? ,left,right,front,Please describe from which side of windows in the airplane is the picture was taken.,,,
103,103,Orientatioin,picture take from the right side window of an air plane,Is the picture take from the left side window of an airplane?,Which side of the window in the airplane is the picture taken from? ,right,left,front,Please describe from which side of windows in the airplane is the picture was taken.,,,
104,104,Number,organge cut into 2 or 3  segments,Is this an orange cut into four segments?,How many organe segements are there?,2 or 3,4,5,Please describe the number of visible segments that cut from an orange,,,
105,105,Orientation,Butterfly facing the right,Is this a butterfly facing the left?,Which direction the butterfly is facing?,right,left,front,Please describe the direction of the butterfly is facing at,,,
106,106,Orientation,Butterfly facing the left,Is this a butterfly facing the right?,Which direction the butterfly is facing?,left,right,front,Please describe the direction of the butterfly is facing at,,,
107,107,Orientation,picture take from the left side window of an air plane,Is the picture take from the right side window of an airplane?,Which side of the window in the airplane is the picture taken from? ,left,right,front,Please describe from which side of windows in the airplane is the picture was taken.,,,
108,108,Orientation,the eagle flying towards the right,Is the eagle flying towards the left?,Which direction the eagle is flying to?,right,left,front,Please describe which derection the eagle is flying to?,,,
109,109,Orientation,the eagle flying towards the left,Is the eagle flying towards the right?,Which direction the eagle is flying to?,left,right,front,Please describe which derection the eagle is flying to?,,,
110,110,Camera Perspective,a side view of a sofa,Is this a front view of a sofa?,what's the camera perspective of the sofa?,side view,front view,back view,Please describe the camera perspective of the sofa,,,
111,111,Color,Eagle with dark blue background,Is this a eagle with light blue sky background?,what's the backgournd color of the sky behind the eagle,dark blue,light blue,green,please describe the color of the sky behind the eagle,,,
112,112,Orientation,The elephant facing left,Is this elephant facing right?,what direction the elephant is facing at?,left,right,front,please describe the elephant is facing at,,,
113,113,Orientation,The shark facing left,Is the shark facing to the right?,what direction the shark is facing at?,left,right,front,please describe the direction the shark is facing at,,,
114,114,Orientation,The shark facing left,Is the shark facing to the right?,what direction the shark is facing at?,left,right,front,please describe the direction the shark is facing at,,,
115,115,Orientation,The rooster facing to the right,Is the rooster facing to the left?,what direction the rooster is facing at?,right,left,front,please describe the direction rooster is facing at,,,
116,116,Orientation,Butterfly facing upward,Is the butterfly facing to the right?,Which direction the butterfly is facing?,upward,left,right,Please describe the direction that the butterfly is facing,,,
117,117,Orientation,snake facing to the right,Is the snake facing to the left?,Which direction the snake is facing?,right,left,front,Please describe the direction that the snake is facing,,,
118,118,Orientation,The frog facing to the left,Is the forg facing to the right?,Which direction the frog is facing?,left,right,front,Please describe the direction that the frog is facing,,,
119,119,Orientation,The frog facing to the right,Is the forg facing to the left?,Which direction the frog is facing?,right,left,front,Please describe the direction that the frog is facing,,,
120,120,State,We don't know where the pandas is sitting,Is this a panda sitting on a wood?,Where the pandas is sitting on?,we don't know,a wood,a chair,please describe where the panda is sitting on.,,,
121,121,State,The dog is sitting or lying on the sofa,Is this a dog standing on a sofa?,What's the dog doing on the sofa,sitting or lying,standing,dancing,please describe what the dog is doing on the sofa,,,
122,122,Orientation,The swan is facing to the right,Is this swan facing to the left?,Which direction is the swan facing to?,right,Left,Back,Please discribe the direction the swan is facing to,,,
123,123,Text,Jersey number of the player holding the ball is not visible,Is player number 5 holding the ball?,Which number of player is holding the ball?,we don't know,number 5,number 7,Please describe the jersey number of the player holding the ball.,,,
124,124,Text,Text written on the front is not visiable,"Does the truck in the image have ""Volvo"" written on the front",What text is  written on the front?,Not visible,"""Volvo""","""Messi Goat""",Please describe the text written on the front of the truck,,,
125,125,Orientation,The ram in the image is facing to the right.,Is the ram in the image facing to the left.,Which direction is the ram facing to,right,left,back,Please discribe the direction the ram is facing to,,,
126,126,Orientation,The ram in the image is facing to the right.,Is the ram in the image facing to the left.,Which direction is the ram facing to?,right,left,back,Please discribe the direction the ram is facing to,,,
127,127,State,The puppy is holding by a right hand.,Is the puppy holding by a left hand?,Which hand is holding the puppy?,right hand ,leftt hand,both two hands,Please describe the hand holding the puppy. (Is it a left hand or right hand?),,,
128,128,State,The puppy is holding by a left hand.,Is the puppy holding by a right hand?,Which hand is holding the puppy?,left hand ,right hand,both two hands,Please describe the hand holding the puppy. (Is it a left hand or right hand?),,,
129,129,State,There is no visible flag in the black Model T Ford.,Is this a black Model T Ford with an American flag?,What flag is on this black Model T Ford?,No visible flag,American flag,Chinese flag,Please describe what's on the black Model T Ford,,,
130,130,Orientation,A panda facing to the right.,Is this a panda facing to the left?,Which direction is the panda facing to?,right,left,back,Please describe the direction the panda is facing to,,,
131,131,Exist,There is no visible piano bench in front of the piano.,Is there a piano bench in front of the piano?,What is in front of the piano?,Nothing,Piano bench,A fat cat,Please describe the area in front of the piano,,,
132,132,State,This is a running dog with its front legs aligned under the body ,Is this a running dog with its front leg raised?,What is the state of front legs of the dog?,Aligned under the body,Raised and reached outside,The dog has no front legs,Please describe the position and move of the running dog's leg,,,
133,133,State,This is a typewriter with a ABCD keyboard layout?,Is this a typewriter with a QWERTY keyboard layout?,What is the keyboard layout of the typewritter?,ABCD' layout,QWER' layout,Franch layout,Please describe the keyboard layout of the type writter,,,
134,134,color,This is a sea snake with a black and gray banded pattern.,Is this a sea snake with a black and white banded pattern?,What's the pattern of the sea snake,black and gray/silver banded pattern,black and white banded pattern,black and gold banded pattern,Please describe the pattern of the sea snake,,,
135,135,number,There are 8 chairs in the image,Are there 9 chairs in the image?,How many visible chairs are there in the image?,8,9,10,Please describe the number of the visible chairs in the image,,,
136,136,number,There are 9 chairs in the image,Are there 8 chairs in the image?,How many visible chairs are there in the image?,9,8,10,Please describe the number of the visible chairs in the image,,,
137,137,number,There are 2 garbage cars in the image,Is there only one garbage car in the image?,How many visible garbage car are there in the image?,2,1,0,Please describe how many visible garbage car in the image,,,
138,138,State,we don't know the number of the player who going to hit the ball,Is the number 15 attempting to hit the ball?,Who (number what) is attempting to hit the ball?,We don't know the number,number 15,number 47,Please describe the jersey number of the player attempting to hit the ball,,,
139,139,State,Wine directly into the center of the glass,Is the wine poured into the wine glass along the wall?,In which way the wine is poured into the glass?,Directly into the center,Along the wall,drop by drop,Please describe in which way the wine is poured into the glass?,,,
140,140,State,The owl's eyes are partially oepn,Is the owl with its eyes wide open?,What's the state of the owl's eyes?,Partially open,Wide open,Closed,Please describe the state of the owl's eyes in detail.,,,
141,141,Color,cougar with pink nose,Is this a cougar with a black-tipped nose?,What's the nose look like?,Pink,black-tipped nose,black nose,Please describe the nose of the cougar.,,,
142,142,State,Bird with eyes closed,Is this a bird with eyes open?,What's the state of the birds eyes?,Closed,Open,No visible eyes,Please describe the eyes of the bird.,,,
143,143,State,Bird with eyes open,Is this a bird with eyes closed?,What's the state of the birds eyes?,Open,Closed,No visible eyes,Please describe the eyes of the bird.,,,
144,144,Structural Character,Pillow with a grid of squares  each containing a square pattern?,Is the pillow with a grid of squares  each containing circular pattern?,What's the pattern of the pillow?, grid of squares  each containing a square pattern,grid of squares  each containing circular pattern,full of dots and stripes,Please describe the pattern of the pillow,,,
145,145,Structural Character,Pillow with a grid of squares  each containing circular pattern?,Is the pillow with a grid of squares  each containing a square pattern?,What's the pattern of the pillow?,grid of squares  each containing circular pattern, grid of squares  each containing a square pattern,full of dots and stripes,Please describe the pattern of the pillow,,,
146,146,Orientation,The owl facing to the right,Is the owl facing to the left?,Which direction is the owl facing to?,Right,Left,Back,Please describe the direction of the owl is facing to,,,
147,147,State,The person behind hold the person in front¡¯s upper arm to help him complete the bench press?,Is the person behind holding the person in front¡¯s wrist to help him complete the bench press?,Where is the person behind holding?,He is holding the person in front¡¯s upper arm to help him complete the bench press,He is holding the person in front¡¯s wrist to help him complete the bench press,He is holding the person in front¡¯s head to help him complete the bench press,Please describe the where is the person behind holding to help the front one finish the bench press,,,
148,148,Camera Perspective,The view of the spider's abdomen on its net,Is this the  view of the back of a spider on its net?,What's the camera perspective of the spider?,The view of the spider's abdomen on its net,The  view of the back of a spider on its net.,The bottom-top view,Please describe the camera perspective of the spider.,,,
149,149,State,Eagle looking slightly downward ,Is this a photo of an eagle looking up?,Where is the eagle looking to?,The eagle is looking slightly downward,The eagle is looking up,The eagle is looking to the back,Please describe the derection this eagle looking to,,,
150,150,State,Eagle looking up,Is this a photo of an eagle looking downward?,Where is the eagle looking to?,The eagle is looking up,The eagle is looking slightly downward,The eagle is looking to the back,Please describe the derection this eagle looking to,,,
151,151,Orientation,Cock looking to right,Is the cock looking to left?,What derection is the cock looking to?,Right,Left,Back,Please describe the direction the cock is faing to,,,
152,152,Number,There are 3 zebras,Is this the image with 2 zebras?,How many zebras are there in the image?,3,2,1,Please describe the number of visible zebras in the image.,,,
153,153,State,They are pushing the boat into water,Are they pulling the boat from water?,What are they doing?,They are pushing the boat into the water,They are pulling the boat from water,They are making the rocket into the water,Please describe what are they doing.,,,
154,154,State,They are pushing the boat into water,Are they pulling the boat from water?,What are they doing?,They are pushing the boat into the water,They are pulling the boat from water,They are making the rocket into the water,Please describe what are they doing.,,,
155,155,State,The wallet is closed,Is the wallet slightly open?,What is the state of the wallet,The wallet is closed,The wallet slightly open,The wallet is empty,Please describe the state of the wallet. (open?closed?),,,
156,156,State,Koala with one eyes open one eyes closed,Is this koala with its eyes open?,What's the state of the koala's eyes?,Koala with its one eyes open one eyes closed, Koala with its eyes open,Koala with its eyes closed,Please describe the state of the koala's eyes.,,,
157,157,Structural Character,pink yarn neatly twisted into a single bundle,Is the pink yarn neatly twisted into sveral bundles?,What's the structural state of the yarn?, neatly twisted into a single bundle, neatly twisted into sveral bundles,no yarn visible in the image,Please describe the structural state of the pink yarn,,,
158,158,Structural Character,pink yarn neatly twisted into sveral bundles,Is the pink yarn neatly twisted into a single bundle?,What's the structural state of the yarn?, neatly twisted into sveral bundles, neatly twisted into a single bundle,no yarn visible in the image,Please describe the structural state of the pink yarn,,,
159,159,State,The hours hand point at 8,Is the hours hand point at 10?,Which number is the hour hand point at, hour hand point at 8,the hour hand point at 10,the hours hand point at 4,please describe which number is the hour hand point at?,,,
160,160,Text,the number of player holding the ball is not visible,Is the number 8 in black team holding the ball?,Which number of player is holding the ball?,Not visible, number 8 in black team, number 11 in red team,Please describe the jersey number of the player holding the ball.,,,
161,161,Number,There are 3 chickens in the image,Are there 2 chickens in the image?,How many chickens are there in the image?,3,2,1,Please describe how many chickens are there in the image,,,
162,162,Color,A cream-colored rotary telephone placed on a pink surface?,Is this a cream-colored rotary telephone placed on a flower pattern surface?,Where is the telephone placed on?,A pink surface,A flower-pattern surface,A white surface,Please describe what is the surface look like where the telephone is placed on,,,
163,163,Orientation,A moth facing to its right,Is this a moth facing to its left?,Which direction is the moth facing to?,right,left,back,Please describe the direction that the moth is facing to,,,
164,164,Orientation,A moth facing to its left,Is this a moth facing to its right?,Which direction is the moth facing to?,left,right,back,Please describe the direction that the moth is facing to,,,
165,165,State,The beekeeper is examining the frame without a tool,Is the beekeeper using a frame tool examing the beehive frame?,What is the beekeeper doing?, Examining the frame without a tool, Using a frame tool examing the beehive frame,Eating honey,Please descibe what is the beekeeper doing,,,
166,166,Orientation,The gun pointing to the right,Is this a gun pointing to the left?,Which direction is the gun pointing to?,right,left,front,Please describe the direction that the gun is pointing at,,,
167,167,Orientation,The gun pointing to the left,Is this a gun pointing to the right?,Which direction is the gun pointing to?,left,right,front,Please describe the direction that the gun is pointing at,,,
168,168,Exist,No visible dog tag,Is the dog with a gold dog tag?,What is the dog tag look like?,Not visible,Golden dog tag,Blue dog tag,Please describe what the dog is wearing in detail.,,,
169,169,State, elbows are bent almost a right angle,Are her elbows staight?,What are the state of the woman's elbows ,bent,straight,not visible,Please describe the move of the woman's elbows,,,
170,170,State, elbows are straight (only slightly bent),Are her elbows are bent?,What are the state of the woman's elbows ,straight,bent,not visible,Please describe the move of the woman's elbows,,,
171,171,State,lions's mouth partially open,Is the lion with his mouth closed?,What is the state of the lion's mouth?,Partially open,Closed,Wide open,Please describe the lion's mouth,,,
172,172,Orientation,bee frame tilt to the left,Is the frame of the beehive tilting to the right?,What's the direction that the beehive frame in his hand is tilting to?,left,right,front,Please describe the angle of the beehive frame titling to.,,,
173,173,Color,The leaf is yellow,Is the leaf green in the picture?,What's the color of the leaf in the image?,Yellow,Green,Red,Please describe the color of the leaf in the image,,,
174,174,Camera Perspective,Front view of the killer whale,Is this a side view of a Killer Whale?,What's the camera perspective of the killer whale?,Front view,Side view,Back view,Please describe the camera perspective of the killer whale,,,
175,175,Camera Perspective,back view of a person,Is this a side view of a person holding a gun?,What's the camera perspective of the person?,Back view,Side view,Front view,Please describe the camera perspective of the person hoding a gun.,,,
176,176,State,The dog on the right hand side doesn't look happy,Is the dog on the right looks happy?,What's mood is the dog on the right looks like? ,Not happy,Happy,angry,Please describe the mood of the dog on the right side looks like.,,,
177,177,Structural Character,The half piece of a lemon,Is the lemon cut into 2 pieces in the image?,How many pieces of lemon in this image?,1,2,3,Please describe the lemon in the image,,,
178,178,State,Minute hand point between 1 and 2,Is the minute hand pointing at 12?,Where is the minute hand point at?,between 1 and 2,12,8,Please describe where the minute hand is point at,,,
179,179,Structural Character,Short barrel,Is this a gun with long barrel£¿,What barrel does this gun have?,Short barrel,Long barrel,No barrel,Please describe the length of the gun barrel,,,
180,180,Text,button p is not visible in the image,Is the button P on the right of the button O in this image?,Where is the button P in the image?,Button P is not visible in this image,Button P is on the right of the button O,Button P is on the left of the button O,Please describe if button p is visible and where is it in this image,,,
181,181,Number,4 spots visible,Is there 3 spots visible on this ladybug in this image? ,How many spots visible on the ladybug in this image?,4,3,7,Please describe the visible spot of this ladybug in this image,,,
182,182,Orientation,Dragonfly facing to the up-left,Is the dragonfly facing to the right?,Which direction is the dragon fly facing to?,upper-left,right,buttom,Please desciribe the direction the dragonfly is facing to,,,
183,183,Structural Character,2 broken tusks,Is the elephant with long and complete tusks in the image?,What's the state of the elephant's tusks,broken,complete,one broken one complete,Please describe the tusks of this elephant,,,
184,184,Text,about 48 km per hour ,Does the dash board show 40 miles (64 km) per hour? ,What speed does the dashboard show?,30 miles per hour (48 km per hour),40 miles (64 km) per hour? ,20 miles (32 km) per hour,Please describe what the speed is shown in this dashboard,,,
185,185,State, typewriter with ABCD keyboard layout,Is this a typewriter with a QWERTY keyboard layout?,What's the keyboard layout of this typewriter,ABCD' layout,QWER' layout,Chinese layout,Please describe the keyboard layout of the type writter,,,
186,186,Camera Perspective,side view of jackfruits in a box,"Is this an overhead shot of jackfruits in a box?

",What's the camera perspective of the jackfruit?,Side view,overhead view,back view,Please describe the camera perspective of the jackfruits in the box,,,
187,187,Number,Three different coloured woolly hats,Is that a colourful woolly hat?,How many woolly hast are there in the image,3,2,1,Please describe the woolly hats in this image.,,,
188,188,Camera Perspective,Front view of a fish,Is this a side view of a fish?,What's the camera perspective of the fish?,Front view,Side view,Back front,Please describe the camera perspective of the fish,,,
189,189,Orientation,a puppy running to the right in the picture,Is there a puppy running to the left in the picture?,What's direction is the puppy running to?,Right,Left,Back,Please describe the direction that the puppy is running to.,,,
190,190,Orientation,a puppy running to the left in the picture,Is there a puppy running to the right in the picture?,What's direction is the puppy running to?,Left,Right,Back,Please describe the direction that the puppy is running to.,,,
191,191,Camera Perspective,side view of yellow coral,Is this a top view of yellow coral?,What's the camera perspective of the coral,Side view,Top view,Back view ,Please desciribe the camera perspective of the yellow coral,,,
192,192,Camera Perspective,top view of yellow coral,Is this a side view of yellow coral?,What's the camera perspective of the coral,Top view,Side view,Back view ,Please desciribe the camera perspective of the yellow coral,,,
193,193,Orientation,A snake with its head to the left.,"Is there a snake crawling to the right in the picture?

",What's the direction the snake is crawling to?,left,right,back,Please describe the derection the snake is crawling to ,,,
194,194,Structural Character,A proboscis monkey with a pointy nose,Is this a picture of a proboscis monkey with a round nose?,What's the nose look like?,Pointy nose,Round nose,No nose,Please describe the shape of the monkey's nose.,,,
195,195,Structural Character,The train has a red light on the front,Does the train have a red light on the body?,Where is the red light on the train?,On its front,On its body,On its rear,Please describe the position of lights on the train.,,,
196,196,State,Puppy with no black collar and an open mouth,Is there a puppy with a black collar and an open mouth?,What's the puppy is wearing?,Nothing,A back collar,A swearter,Please describe what the puppy is wearing.,,,
197,197,Camera Perspective,It's a back view of the dog,Is it a side view of the dog.,What's the camera perspective of the dog?,Back view,Side view,Front view,Please describe the camera perspective of the dog.,,,
198,198,Structural Character,This is a table lamp with a grid patterned base,Is this a table lamp with a petal patterned base,What¡¯s the pattern of the lamp base?,grid pattern,petal pattern,kitty pattern,Please describe the pattern of the light base,,,
199,199,Structural Character,This is a table lamp with a petal patterned base,Is this a table lamp with a grid patterne base,What¡¯s the pattern of the lamp base?,petal pattern,grid pattern,kitty pattern,Please describe the pattern of the light base,,,
200,200,State,The kid in green is looking away.,Is this a kid in green is looking at the tank?,Where is the kid in green looking at?,Looking away,Looking at the tank,Looking at the camera,Please describe where is the kid in green looking at.,,,
201,201,Exist,The hotdog in the middle has ketchup on it,Is there no ketchup on the middle hotdog?,How many hotdog have ketchup on it?,3,2,1,Please describe the hotdog at the middle,,,
202,202,,There are many people in the picture.,Is there no people in the picture?,How many people are there on the dam?,Many,No people on the dam,Only one person on the dam,Please describe the dam in this image,,,
203,203,,There is nothing in the bear's mouth.,Dose the bear have a flower in his mouth?,What's in the bear's mouth,Nothing,A flower,A fish,Please describe the bear's mouth,,,
204,204,, image displays approximately 1000 RPM.,Is the RPM (Revolutions Per Minute) gauge in the image displays approximately 2000 RPM?,What's the RPM display on the gauge?,about 1000,about 2000,about 3000,Please describe what is displayed in the gauge,,,
205,205,,There are 7 flamingos.,Are there 6 flamingos?,Howmany flamingos are visible there?,7,6,5,Please tell me all the visible flamingos in the image.,,,
206,206,,9 monkeys,Are there only 10 monkeys in the picture?,How many monkey are visible there? ,9,10,8,Please describe all the visible monkeys in the image,,,
207,207,, nothing in its mouth.,Is the monkey climbing the tree with something in its mouth?,What's in the monkey's mouth,nothing,a banana,a fish,Please describe the number of monkeys in the image.,,,
208,208,,One of the brushes is put with its head facing down.,The brushes are put with their heads facing up.,Where is the brushes head pointing to?,Down,Up,Left,Please describe which direction the bushes' heads are pointing to?,,,
209,209,,the television is hung on the wall,Is the television placed on a wooden entertainment center?,Where is the TV placed on?,Hung on the wall,On a wooden entertainment center,On the table,Please describe where is the TV in detail,,,
210,210,,the bug have 7 legs,Does the bug have 8 legs? ,how many legs of the bug visible in the image.,7,8,9,Please describe the bug's visible legs in this image.,,,
